,Unnamed: 0.1,Unnamed: 0,name,link,cover_url,genres
0,0,0,Where_the_Wild_Things_Are,/book/show/19543.Where_the_Wild_Things_Are,https://images-na.ssl-images-amazon.com/images/S/compressed.photo.goodreads.com/books/1384434560i/19543.jpg,"Picture Books, Childrens, Fiction, Classics, Fantasy, Adventure, Young Adult"
1,1,1,Green_Eggs_and_Ham,/book/show/23772.Green_Eggs_and_Ham,https://images-na.ssl-images-amazon.com/images/S/compressed.photo.goodreads.com/books/1673212751i/23772.jpg,"Childrens, Picture Books, Classics, Fiction, Poetry, Fantasy, Humor"
2,2,2,The_Very_Hungry_Caterpillar,/book/show/4948.The_Very_Hungry_Caterpillar,https://images-na.ssl-images-amazon.com/images/S/compressed.photo.goodreads.com/books/1603739265i/4948.jpg,"Picture Books, Childrens, Fiction, Animals, Classics, Food, Counting"
3,3,3,Charlotte_s_Web,/book/show/24178.Charlotte_s_Web,https://images-na.ssl-images-amazon.com/images/S/compressed.photo.goodreads.com/books/1628267712i/24178.jpg,"Fiction, Childrens, Classics, Fantasy, Young Adult, Middle Grade, Animals"
4,4,4,The_Giving_Tree,/book/show/370493.The_Giving_Tree,https://images-na.ssl-images-amazon.com/images/S/compressed.photo.goodreads.com/books/1725807591i/370493.jpg,"Childrens, Classics, Fiction, Picture Books, Poetry, Young Adult, Fantasy"
5,5,5,The_Cat_in_the_Hat,/book/show/233093.The_Cat_in_the_Hat,https://images-na.ssl-images-amazon.com/images/S/compressed.photo.goodreads.com/books/1468890477i/233093.jpg,"Childrens, Picture Books, Fiction, Poetry, Classics, Fantasy, Humor"
6,6,6,Harry_Potter_and_the_Sorcerer_s_Stone,/book/show/3.Harry_Potter_and_the_Sorcerer_s_Stone,https://images-na.ssl-images-amazon.com/images/S/compressed.photo.goodreads.com/books/1474154022i/3.jpg,"Fantasy, Fiction, Young Adult, Magic, Childrens, Middle Grade, Audiobook"
7,7,7,Goodnight_Moon,/book/show/32929.Goodnight_Moon,https://images-na.ssl-images-amazon.com/images/S/compressed.photo.goodreads.com/books/1439223893i/32929.jpg,"Childrens, Picture Books, Fiction, Classics, Poetry, Kids, Animals"
8,8,8,Charlie_and_the_Chocolate_Factory,/book/show/6310.Charlie_and_the_Chocolate_Factory,https://images-na.ssl-images-amazon.com/images/S/compressed.photo.goodreads.com/books/1309211401i/6310.jpg,"Fiction, Fantasy, Childrens, Young Adult, Middle Grade, Classics, Humor"
9,9,9,Where_the_Sidewalk_Ends,/book/show/30119.Where_the_Sidewalk_Ends,https://images-na.ssl-images-amazon.com/images/S/compressed.photo.goodreads.com/books/1168052448i/30119.jpg,"Poetry, Childrens, Classics, Fiction, Humor, Young Adult, Picture Books"
10,10,10,Winnie_the_Pooh,/book/show/99107.Winnie_the_Pooh,https://images-na.ssl-images-amazon.com/images/S/compressed.photo.goodreads.com/books/1298440130i/99107.jpg,"Childrens, Fiction, Classics, Fantasy, Animals, Audiobook, Middle Grade"
11,11,11,The_Chronicles_of_Narnia,/book/show/11127.The_Chronicles_of_Narnia,https://images-na.ssl-images-amazon.com/images/S/compressed.photo.goodreads.com/books/1661032875i/11127.jpg,"Fantasy, Classics, Fiction, Young Adult, Childrens, Christian, Middle Grade"
12,12,12,Love_You_Forever,/book/show/310259.Love_You_Forever,https://images-na.ssl-images-amazon.com/images/S/compressed.photo.goodreads.com/books/1348832754i/310259.jpg,"Picture Books, Childrens, Fiction, Classics, Family, Love, Realistic Fiction"
450,450,450,39319227-a-day-in-the-life-of-marlon-bundo,/book/show/39319227-a-day-in-the-life-of-marlon-bundo,https://images-na.ssl-images-amazon.com/images/S/compressed.photo.goodreads.com/books/1521430068i/39319227.jpg,"Picture Books, Childrens, LGBT, Fiction, Humor, Politics, Animals"
451,451,451,Tuesday,/book/show/97860.Tuesday,https://images-na.ssl-images-amazon.com/images/S/compressed.photo.goodreads.com/books/1328870556i/97860.jpg,"Picture Books, Childrens, Fantasy, Fiction, Animals, Humor, Adventure"
452,452,452,4556058-the-last-olympian,/book/show/4556058-the-last-olympian,https://images-na.ssl-images-amazon.com/images/S/compressed.photo.goodreads.com/books/1723393514i/4556058.jpg,"Fantasy, Young Adult, Mythology, Fiction, Middle Grade, Adventure, Greek Mythology"
453,453,453,The_Children_of_the_New_Forest,/book/show/341865.The_Children_of_the_New_Forest,https://images-na.ssl-images-amazon.com/images/S/compressed.photo.goodreads.com/books/1414346278i/341865.jpg,"Classics, Historical Fiction, Fiction, Childrens, Historical, Young Adult, Adventure"
454,454,454,Rudolph_the_Red_Nosed_Reindeer,/book/show/1215290.Rudolph_the_Red_Nosed_Reindeer,https://images-na.ssl-images-amazon.com/images/S/compressed.photo.goodreads.com/books/1330095176i/1215290.jpg,"Christmas, Childrens, Picture Books, Classics, Holiday, Fiction, Animals"
455,455,455,The_Very_Busy_Spider,/book/show/556511.The_Very_Busy_Spider,https://images-na.ssl-images-amazon.com/images/S/compressed.photo.goodreads.com/books/1348983154i/556511.jpg,"Picture Books, Childrens, Animals, Fiction, Storytime, Classics, Kids"
456,456,456,Wanda_s_First_Day,/book/show/717435.Wanda_s_First_Day,https://images-na.ssl-images-amazon.com/images/S/compressed.photo.goodreads.com/books/1308337945i/717435.jpg,"Picture Books, Childrens, School, Fantasy, Fiction"
457,457,457,The_Cricket_in_Times_Square,/book/show/24384.The_Cricket_in_Times_Square,https://images-na.ssl-images-amazon.com/images/S/compressed.photo.goodreads.com/books/1387735970i/24384.jpg,"Childrens, Fiction, Classics, Fantasy, Middle Grade, Animals, Young Adult"
458,458,458,Disney_s_The_Little_Mermaid,/book/show/646056.Disney_s_The_Little_Mermaid,https://images-na.ssl-images-amazon.com/images/S/compressed.photo.goodreads.com/books/1176695795i/646056.jpg,"Childrens, Picture Books, Fantasy, Fiction, Classics, Fairy Tales, Mermaids"
459,459,459,Blueberry_Girl,/book/show/1967067.Blueberry_Girl,https://images-na.ssl-images-amazon.com/images/S/compressed.photo.goodreads.com/books/1348789833i/1967067.jpg,"Picture Books, Childrens, Poetry, Fiction, Fantasy, Juvenile, Feminism"
460,460,460,Socks,/book/show/89545.Socks,https://images-na.ssl-images-amazon.com/images/S/compressed.photo.goodreads.com/books/1302662187i/89545.jpg,"Childrens, Fiction, Animals, Middle Grade, Cats, Chapter Books, Realistic Fiction"
461,461,461,Artemis_Fowl,/book/show/249747.Artemis_Fowl,https://images-na.ssl-images-amazon.com/images/S/compressed.photo.goodreads.com/books/1630661894i/249747.jpg,"Fantasy, Young Adult, Fiction, Middle Grade, Childrens, Science Fiction, Adventure"
462,462,462,Julie_of_the_Wolves,/book/show/386286.Julie_of_the_Wolves,https://images-na.ssl-images-amazon.com/images/S/compressed.photo.goodreads.com/books/1620846708i/386286.jpg,"Fiction, Young Adult, Childrens, Classics, Historical Fiction, Middle Grade, Adventure"
463,463,463,My_Monster_Mama_Loves_Me_So,/book/show/79087.My_Monster_Mama_Loves_Me_So,https://images-na.ssl-images-amazon.com/images/S/compressed.photo.goodreads.com/books/1388193705i/79087.jpg,"Picture Books, Halloween, Monsters, Childrens, Storytime, Family, Love"
464,464,464,Are_You_There_God_It_s_Me_Margaret,/book/show/37732.Are_You_There_God_It_s_Me_Margaret,https://images-na.ssl-images-amazon.com/images/S/compressed.photo.goodreads.com/books/1388356524i/37732.jpg,"Young Adult, Fiction, Childrens, Classics, Middle Grade, Coming Of Age, Realistic Fiction"
465,465,465,My_Father_s_Dragon,/book/show/34898.My_Father_s_Dragon,https://images-na.ssl-images-amazon.com/images/S/compressed.photo.goodreads.com/books/1438398138i/34898.jpg,"Fantasy, Childrens, Fiction, Classics, Middle Grade, Dragons, Chapter Books"
466,466,466,The_Wonderful_Adventures_of_Nils,/book/show/771287.The_Wonderful_Adventures_of_Nils,https://images-na.ssl-images-amazon.com/images/S/compressed.photo.goodreads.com/books/1293569262i/771287.jpg,"Classics, Fiction, Fantasy, Childrens, Adventure, Swedish Literature, Nobel Prize"
467,467,467,The_Egypt_Game,/book/show/903.The_Egypt_Game,https://images-na.ssl-images-amazon.com/images/S/compressed.photo.goodreads.com/books/1347840597i/903.jpg,"Fiction, Young Adult, Childrens, Middle Grade, Mystery, Fantasy, Egypt"
468,468,468,The_Hairy_Toe,/book/show/1715318.The_Hairy_Toe,https://images-na.ssl-images-amazon.com/images/S/compressed.photo.goodreads.com/books/1320485806i/1715318.jpg,"Picture Books, Childrens, Horror, Fiction"
469,469,469,Robert_the_Rose_Horse,/book/show/828391.Robert_the_Rose_Horse,https://images-na.ssl-images-amazon.com/images/S/compressed.photo.goodreads.com/books/1320398057i/828391.jpg,"Picture Books, Childrens, Fiction, Horses, Animals, Classics, Humor"
470,470,470,Millions_of_Cats,/book/show/621739.Millions_of_Cats,https://images-na.ssl-images-amazon.com/images/S/compressed.photo.goodreads.com/books/1318725166i/621739.jpg,"Picture Books, Childrens, Cats, Fiction, Animals, Classics, Humor"
471,471,471,Kristy_s_Great_Idea,/book/show/233722.Kristy_s_Great_Idea,https://images-na.ssl-images-amazon.com/images/S/compressed.photo.goodreads.com/books/1389241314i/233722.jpg,"Childrens, Fiction, Young Adult, Middle Grade, Realistic Fiction, Contemporary, Juvenile"
472,472,472,Verdi,/book/show/970061.Verdi,https://images-na.ssl-images-amazon.com/images/S/compressed.photo.goodreads.com/books/1347311292i/970061.jpg,"Picture Books, Childrens, Animals, Fiction, Nature, 2nd Grade, Classics"
473,473,473,David_Goes_to_School,/book/show/839263.David_Goes_to_School,https://images-na.ssl-images-amazon.com/images/S/compressed.photo.goodreads.com/books/1360057930i/839263.jpg,"Picture Books, Childrens, School, Fiction, Humor, Realistic Fiction, Back To School"
474,474,474,The_Milly_Molly_Mandy_Storybook,/book/show/13844.The_Milly_Molly_Mandy_Storybook,https://images-na.ssl-images-amazon.com/images/S/compressed.photo.goodreads.com/books/1312060898i/13844.jpg,"Childrens, Fiction, Classics, Chapter Books, Short Stories, Family, Picture Books"
475,475,475,The_Tailor_of_Gloucester,/book/show/345188.The_Tailor_of_Gloucester,https://images-na.ssl-images-amazon.com/images/S/compressed.photo.goodreads.com/books/1447722022i/345188.jpg,"Childrens, Classics, Picture Books, Fiction, Christmas, Animals, Fantasy"
476,476,476,The_End,/book/show/65112.The_End,https://images-na.ssl-images-amazon.com/images/S/compressed.photo.goodreads.com/books/1524761836i/65112.jpg,"Fiction, Young Adult, Childrens, Middle Grade, Fantasy, Mystery, Adventure"
477,477,477,Purple_Green_and_Yellow,/book/show/201434.Purple_Green_and_Yellow,https://images-na.ssl-images-amazon.com/images/S/compressed.photo.goodreads.com/books/1386921021i/201434.jpg,"Picture Books, Childrens, Canada, Fiction, Art, Humor, Storytime"
478,478,478,A_House_Is_a_House_for_Me,/book/show/833171.A_House_Is_a_House_for_Me,https://images-na.ssl-images-amazon.com/images/S/compressed.photo.goodreads.com/books/1178755406i/833171.jpg,"Picture Books, Poetry, Childrens, Fiction, Animals, Storytime, Classics"
479,479,479,The_Many_Adventures_of_Winnie_the_Pooh,/book/show/1154512.The_Many_Adventures_of_Winnie_the_Pooh,https://images-na.ssl-images-amazon.com/images/S/compressed.photo.goodreads.com/books/1208293065i/1154512.jpg,"Childrens, Animals, Fiction"
480,480,480,Diary_of_a_Wombat,/book/show/389623.Diary_of_a_Wombat,https://images-na.ssl-images-amazon.com/images/S/compressed.photo.goodreads.com/books/1543283260i/389623.jpg,"Picture Books, Childrens, Animals, Australia, Fiction, Humor, Fantasy"
481,481,481,The_Amber_Spyglass,/book/show/18122.The_Amber_Spyglass,https://images-na.ssl-images-amazon.com/images/S/compressed.photo.goodreads.com/books/1329189152i/18122.jpg,"Fantasy, Young Adult, Fiction, Adventure, Audiobook, Science Fiction, Childrens"
482,482,482,Don_t_Let_the_Pigeon_Stay_Up_Late_,/book/show/191117.Don_t_Let_the_Pigeon_Stay_Up_Late_,https://images-na.ssl-images-amazon.com/images/S/compressed.photo.goodreads.com/books/1439773391i/191117.jpg,"Picture Books, Childrens, Humor, Fiction, Animals, Storytime, Birds"
483,483,483,Pierre,/book/show/120715.Pierre,https://images-na.ssl-images-amazon.com/images/S/compressed.photo.goodreads.com/books/1347744043i/120715.jpg,"Picture Books, Childrens, Fiction, Poetry, Classics, Humor, Fantasy"
484,484,484,The_Little_Match_Girl,/book/show/342994.The_Little_Match_Girl,https://images-na.ssl-images-amazon.com/images/S/compressed.photo.goodreads.com/books/1411481144i/342994.jpg,"Classics, Childrens, Christmas, Picture Books, Fiction, Short Stories, Fairy Tales"
485,485,485,A_Christmas_Carol,/book/show/5326.A_Christmas_Carol,https://images-na.ssl-images-amazon.com/images/S/compressed.photo.goodreads.com/books/1406512317i/5326.jpg,"Fiction, Christmas, Classics, Fantasy, Audiobook, Literature, Historical Fiction"
486,486,486,Sadako_and_the_Thousand_Paper_Cranes,/book/show/181077.Sadako_and_the_Thousand_Paper_Cranes,https://images-na.ssl-images-amazon.com/images/S/compressed.photo.goodreads.com/books/1348780305i/181077.jpg,"Historical Fiction, Childrens, Fiction, Middle Grade, Young Adult, Classics, Japan"
487,487,487,The_Water_Hole,/book/show/143981.The_Water_Hole,https://images-na.ssl-images-amazon.com/images/S/compressed.photo.goodreads.com/books/1271687815i/143981.jpg,"Picture Books, Childrens, Animals, Fiction, Counting, Art, Nature"
488,488,488,The_Snow_Queen,/book/show/139987.The_Snow_Queen,https://images-na.ssl-images-amazon.com/images/S/compressed.photo.goodreads.com/books/1320401869i/139987.jpg,"Classics, Fantasy, Fiction, Childrens, Audiobook, Fairy Tales, Christmas"
489,489,489,Sam_and_the_Firefly,/book/show/826281.Sam_and_the_Firefly,https://images-na.ssl-images-amazon.com/images/S/compressed.photo.goodreads.com/books/1565846473i/826281.jpg,"Picture Books, Childrens, Fiction, Animals, Classics, Kids, Fantasy"
490,490,490,Owls_in_the_Family,/book/show/785656.Owls_in_the_Family,https://images-na.ssl-images-amazon.com/images/S/compressed.photo.goodreads.com/books/1348028775i/785656.jpg,"Fiction, Childrens, Animals, Canada, Classics, Middle Grade, Nature"
491,491,491,The_Story_of_Doctor_Dolittle,/book/show/325421.The_Story_of_Doctor_Dolittle,https://images-na.ssl-images-amazon.com/images/S/compressed.photo.goodreads.com/books/1173762816i/325421.jpg,"Classics, Childrens, Fiction, Fantasy, Animals, Adventure, Audiobook"
492,492,492,Cinderella,/book/show/209631.Cinderella,https://images-na.ssl-images-amazon.com/images/S/compressed.photo.goodreads.com/books/1393792231i/209631.jpg,"Classics, Picture Books, Fairy Tales, Childrens, Fantasy, Fiction, Cinderella"
493,493,493,7736182-the-lost-hero,/book/show/7736182-the-lost-hero,https://images-na.ssl-images-amazon.com/images/S/compressed.photo.goodreads.com/books/1464201003i/7736182.jpg,"Fantasy, Mythology, Young Adult, Fiction, Middle Grade, Adventure, Greek Mythology"
494,494,494,Freight_Train,/book/show/734542.Freight_Train,https://images-na.ssl-images-amazon.com/images/S/compressed.photo.goodreads.com/books/1348955169i/734542.jpg,"Picture Books, Childrens, Trains, Transport, Storytime, Fiction, Classics"
495,495,495,Goldilocks_and_the_Three_Bears,/book/show/857556.Goldilocks_and_the_Three_Bears,https://images-na.ssl-images-amazon.com/images/S/compressed.photo.goodreads.com/books/1362346288i/857556.jpg,"Picture Books, Childrens, Fairy Tales, Fiction, Classics, Fantasy, Animals"
496,496,496,Gathering_Blue,/book/show/12936.Gathering_Blue,https://images-na.ssl-images-amazon.com/images/S/compressed.photo.goodreads.com/books/1388195391i/12936.jpg,"Young Adult, Dystopia, Fiction, Fantasy, Science Fiction, Middle Grade, Classics"
497,497,497,Castaway_Cats,/book/show/1012824.Castaway_Cats,https://images-na.ssl-images-amazon.com/images/S/compressed.photo.goodreads.com/books/1375646499i/1012824.jpg,"Picture Books, Cats, Childrens, Animals, Poetry"
498,498,498,The_Miserable_Mill,/book/show/65119.The_Miserable_Mill,https://images-na.ssl-images-amazon.com/images/S/compressed.photo.goodreads.com/books/1352146209i/65119.jpg,"Fiction, Young Adult, Childrens, Middle Grade, Fantasy, Mystery, Adventure"
499,499,499,The_Opal_Deception,/book/show/114954.The_Opal_Deception,https://images-na.ssl-images-amazon.com/images/S/compressed.photo.goodreads.com/books/1266475201i/114954.jpg,"Fantasy, Young Adult, Fiction, Science Fiction, Middle Grade, Adventure, Childrens"
500,500,500,Voices_in_the_Park,/book/show/80877.Voices_in_the_Park,https://images-na.ssl-images-amazon.com/images/S/compressed.photo.goodreads.com/books/1309295245i/80877.jpg,"Picture Books, Childrens, Animals, Family, Fiction, School, Cultural"
501,501,501,The_Sign_of_the_Seahorse,/book/show/144004.The_Sign_of_the_Seahorse,https://images-na.ssl-images-amazon.com/images/S/compressed.photo.goodreads.com/books/1380018426i/144004.jpg,"Picture Books, Childrens, Poetry, Fiction, Animals, Art, Fantasy"
502,502,502,Five_on_a_Treasure_Island,/book/show/17488.Five_on_a_Treasure_Island,https://images-na.ssl-images-amazon.com/images/S/compressed.photo.goodreads.com/books/1408926754i/17488.jpg,"Childrens, Fiction, Adventure, Mystery, Classics, Middle Grade, Young Adult"
503,503,503,The_Lady_with_the_Alligator_Purse,/book/show/1114016.The_Lady_with_the_Alligator_Purse,https://images-na.ssl-images-amazon.com/images/S/compressed.photo.goodreads.com/books/1388898689i/1114016.jpg,"Picture Books, Childrens, Poetry, Storytime, Humor, Fiction, Music"
504,504,504,3151688-the-adventures-of-the-great-mouse-detective,/book/show/3151688-the-adventures-of-the-great-mouse-detective,https://images-na.ssl-images-amazon.com/images/S/compressed.photo.goodreads.com/books/1267816534i/3151688.jpg,"Picture Books, Childrens, Animals"
505,505,505,Rikki_Tikki_Tavi,/book/show/577542.Rikki_Tikki_Tavi,https://images-na.ssl-images-amazon.com/images/S/compressed.photo.goodreads.com/books/1388410608i/577542.jpg,"Classics, Childrens, Fiction, Picture Books, Short Stories, Animals, Young Adult"
506,506,506,The_Dark_Is_Rising,/book/show/210329.The_Dark_Is_Rising,https://images-na.ssl-images-amazon.com/images/S/compressed.photo.goodreads.com/books/1349051230i/210329.jpg,"Fantasy, Young Adult, Fiction, Childrens, Middle Grade, Adventure, Audiobook"
507,507,507,34219873-nevermoor,/book/show/34219873-nevermoor,https://images-na.ssl-images-amazon.com/images/S/compressed.photo.goodreads.com/books/1573171204i/34219873.jpg,"Fantasy, Middle Grade, Fiction, Young Adult, Audiobook, Childrens, Magic"
508,508,508,Little_Pear,/book/show/847146.Little_Pear,https://images-na.ssl-images-amazon.com/images/S/compressed.photo.goodreads.com/books/1328875836i/847146.jpg,"Fiction, Childrens, Historical Fiction, China, Asia, Chapter Books, School"
509,509,509,Miss_Bindergarten_Celebrates_the_100th_Day_of_Kindergarten,/book/show/836485.Miss_Bindergarten_Celebrates_the_100th_Day_of_Kindergarten,https://images-na.ssl-images-amazon.com/images/S/compressed.photo.goodreads.com/books/1366833192i/836485.jpg,"Picture Books, School, Childrens, Animals, Mathematics, Fiction, Counting"
510,510,510,Storm_Boy,/book/show/80461.Storm_Boy,https://images-na.ssl-images-amazon.com/images/S/compressed.photo.goodreads.com/books/1534240344i/80461.jpg,"Australia, Childrens, Fiction, Classics, Young Adult, Animals, Audiobook"
511,511,511,Good_Night_Mr_Tom,/book/show/161099.Good_Night_Mr_Tom,https://images-na.ssl-images-amazon.com/images/S/compressed.photo.goodreads.com/books/1282757902i/161099.jpg,"Historical Fiction, Fiction, Classics, Childrens, Young Adult, Historical, War"
512,512,512,A_Baby_Sister_for_Frances,/book/show/110604.A_Baby_Sister_for_Frances,https://images-na.ssl-images-amazon.com/images/S/compressed.photo.goodreads.com/books/1408925831i/110604.jpg,"Picture Books, Childrens, Fiction, Family, Animals, Classics, Juvenile"
513,513,513,The_Sword_in_the_Stone,/book/show/734636.The_Sword_in_the_Stone,https://images-na.ssl-images-amazon.com/images/S/compressed.photo.goodreads.com/books/1342467059i/734636.jpg,"Childrens, Picture Books, Fantasy, Fiction, Classics"
514,514,514,Lady_and_the_Tramp,/book/show/765281.Lady_and_the_Tramp,https://images-na.ssl-images-amazon.com/images/S/compressed.photo.goodreads.com/books/1420795364i/765281.jpg,"Childrens, Picture Books, Classics, Animals, Fiction, Fantasy, Fairy Tales"
515,515,515,13531024-this-is-not-my-hat,/book/show/13531024-this-is-not-my-hat,https://images-na.ssl-images-amazon.com/images/S/compressed.photo.goodreads.com/books/1360096324i/13531024.jpg,"Picture Books, Childrens, Animals, Humor, Fiction, Storytime, Fantasy"
516,516,516,Anne_of_Ingleside,/book/show/77391.Anne_of_Ingleside,https://images-na.ssl-images-amazon.com/images/S/compressed.photo.goodreads.com/books/1285712495i/77391.jpg,"Classics, Fiction, Young Adult, Historical Fiction, Childrens, Romance, Canada"
517,517,517,The_Giraffe_and_the_Pelly_and_Me,/book/show/6694.The_Giraffe_and_the_Pelly_and_Me,https://images-na.ssl-images-amazon.com/images/S/compressed.photo.goodreads.com/books/1165604309i/6694.jpg,"Childrens, Fiction, Fantasy, Classics, Middle Grade, Animals, Young Adult"
518,518,518,The_Day_I_Swapped_My_Dad_for_Two_Goldfish,/book/show/47693.The_Day_I_Swapped_My_Dad_for_Two_Goldfish,https://images-na.ssl-images-amazon.com/images/S/compressed.photo.goodreads.com/books/1434923514i/47693.jpg,"Picture Books, Childrens, Fantasy, Fiction, Graphic Novels, Humor, Young Adult"
519,519,519,6345760-the-magician-s-elephant,/book/show/6345760-the-magician-s-elephant,https://images-na.ssl-images-amazon.com/images/S/compressed.photo.goodreads.com/books/1320520056i/6345760.jpg,"Fantasy, Fiction, Middle Grade, Childrens, Young Adult, Magic, Animals"
520,520,520,The_Adventures_of_Chatterer_the_Red_Squirrel,/book/show/753024.The_Adventures_of_Chatterer_the_Red_Squirrel,https://images-na.ssl-images-amazon.com/images/S/compressed.photo.goodreads.com/books/1416873304i/753024.jpg,"Childrens, Classics, Animals, Fiction, Fantasy, Animal Fiction, Nature"
521,521,521,The_Long_Winter,/book/show/8282.The_Long_Winter,https://images-na.ssl-images-amazon.com/images/S/compressed.photo.goodreads.com/books/1266449683i/8282.jpg,"Classics, Historical Fiction, Childrens, Fiction, Young Adult, Historical, Middle Grade"
522,522,522,Hairy_Maclary_Scattercat,/book/show/1153715.Hairy_Maclary_Scattercat,https://images-na.ssl-images-amazon.com/images/S/compressed.photo.goodreads.com/books/1348407892i/1153715.jpg,"Picture Books, Childrens, Animals, Fiction, Cats, Dogs, Humor"
523,523,523,Llama_Llama_Red_Pajama,/book/show/401679.Llama_Llama_Red_Pajama,https://images-na.ssl-images-amazon.com/images/S/compressed.photo.goodreads.com/books/1309211387i/401679.jpg,"Picture Books, Childrens, Animals, Storytime, Fiction, Family, Poetry"
524,524,524,Mossflower,/book/show/201341.Mossflower,https://images-na.ssl-images-amazon.com/images/S/compressed.photo.goodreads.com/books/1281811805i/201341.jpg,"Fantasy, Fiction, Young Adult, Childrens, Animals, Adventure, Middle Grade"
525,525,525,The_Missing_Piece,/book/show/30122.The_Missing_Piece,https://images-na.ssl-images-amazon.com/images/S/compressed.photo.goodreads.com/books/1388184341i/30122.jpg,"Poetry, Childrens, Picture Books, Fiction, Classics, Young Adult, Humor"
526,526,526,The_Saggy_Baggy_Elephant,/book/show/825576.The_Saggy_Baggy_Elephant,https://images-na.ssl-images-amazon.com/images/S/compressed.photo.goodreads.com/books/1320481063i/825576.jpg,"Picture Books, Childrens, Fiction, Animals, Classics, Fantasy, Kids"
527,527,527,The_Thief_Lord,/book/show/113304.The_Thief_Lord,https://images-na.ssl-images-amazon.com/images/S/compressed.photo.goodreads.com/books/1327960342i/113304.jpg,"Fantasy, Young Adult, Fiction, Middle Grade, Childrens, Adventure, Mystery"
528,528,528,Jacob_Two_Two_Meets_the_Hooded_Fang,/book/show/226759.Jacob_Two_Two_Meets_the_Hooded_Fang,https://images-na.ssl-images-amazon.com/images/S/compressed.photo.goodreads.com/books/1391377575i/226759.jpg,"Childrens, Fiction, Canada, Fantasy, Middle Grade, Classics, Humor"
529,529,529,The_Enormous_Crocodile,/book/show/6668.The_Enormous_Crocodile,https://images-na.ssl-images-amazon.com/images/S/compressed.photo.goodreads.com/books/1327936655i/6668.jpg,"Childrens, Fiction, Picture Books, Fantasy, Animals, Classics, Middle Grade"
530,530,530,The_Tale_of_Mr_Jeremy_Fisher,/book/show/375711.The_Tale_of_Mr_Jeremy_Fisher,https://images-na.ssl-images-amazon.com/images/S/compressed.photo.goodreads.com/books/1447721945i/375711.jpg,"Childrens, Picture Books, Classics, Fiction, Animals, Fantasy, Short Stories"
531,531,531,11025052-five-little-ducks,/book/show/11025052-five-little-ducks,https://images-na.ssl-images-amazon.com/images/S/compressed.photo.goodreads.com/books/1348115942i/11025052.jpg,Childrens
532,532,532,I_Am_Not_Sleepy_and_I_Will_Not_Go_to_Bed,/book/show/200107.I_Am_Not_Sleepy_and_I_Will_Not_Go_to_Bed,https://images-na.ssl-images-amazon.com/images/S/compressed.photo.goodreads.com/books/1406651525i/200107.jpg,"Picture Books, Childrens, Humor, Storytime, Family, Animals, Fiction"
533,533,533,Nancy_Drew,/book/show/48811.Nancy_Drew,https://images-na.ssl-images-amazon.com/images/S/compressed.photo.goodreads.com/books/1386923816i/48811.jpg,"Mystery, Childrens, Fiction, Young Adult, Classics, Middle Grade, Mystery Thriller"
534,534,534,Quick_as_a_Cricket,/book/show/815263.Quick_as_a_Cricket,https://images-na.ssl-images-amazon.com/images/S/compressed.photo.goodreads.com/books/1413748348i/815263.jpg,"Picture Books, Childrens, Animals, Poetry, Fiction, Nature, Emotion"
535,535,535,The_Ironwood_Tree,/book/show/277191.The_Ironwood_Tree,https://images-na.ssl-images-amazon.com/images/S/compressed.photo.goodreads.com/books/1417954144i/277191.jpg,"Fantasy, Middle Grade, Childrens, Fiction, Young Adult, Adventure, Magic"
536,536,536,5902250-grandfather-twilight,/book/show/5902250-grandfather-twilight,https://images-na.ssl-images-amazon.com/images/S/compressed.photo.goodreads.com/books/1348111892i/5902250.jpg,"Picture Books, Childrens, Fantasy, Fiction, Classics, Nature, Family"
537,537,537,The_Foot_Book,/book/show/105548.The_Foot_Book,https://images-na.ssl-images-amazon.com/images/S/compressed.photo.goodreads.com/books/1437795856i/105548.jpg,"Childrens, Picture Books, Fiction, Classics, Poetry, Humor, Kids"
538,538,538,I_Am_Too_Absolutely_Small_for_School,/book/show/267650.I_Am_Too_Absolutely_Small_for_School,https://images-na.ssl-images-amazon.com/images/S/compressed.photo.goodreads.com/books/1386920563i/267650.jpg,"Picture Books, Childrens, School, Back To School, Humor, Family, Fiction"
539,539,539,Felicity,/book/show/199859.Felicity,https://images-na.ssl-images-amazon.com/images/S/compressed.photo.goodreads.com/books/1347345265i/199859.jpg,"Historical Fiction, Childrens, Fiction, Historical, Middle Grade, Young Adult, American Revolution"
540,540,540,Snake_and_Lizard,/book/show/1457071.Snake_and_Lizard,https://images-na.ssl-images-amazon.com/images/S/compressed.photo.goodreads.com/books/1356465705i/1457071.jpg,"Animals, Childrens, Juvenile, Fiction, Short Stories, Chapter Books, Middle Grade"
541,541,541,10148282-every-day-on-earth,/book/show/10148282-every-day-on-earth,https://images-na.ssl-images-amazon.com/images/S/compressed.photo.goodreads.com/books/1328836145i/10148282.jpg,"Nonfiction, Science"
542,542,542,13381016-happiness-is-you,/book/show/13381016-happiness-is-you,https://images-na.ssl-images-amazon.com/images/S/compressed.photo.goodreads.com/books/1347494549i/13381016.jpg,
543,543,543,17724379-larry-family,/book/show/17724379-larry-family,https://images-na.ssl-images-amazon.com/images/S/compressed.photo.goodreads.com/books/1364846910i/17724379.jpg,Picture Books
544,544,544,17317916-the-golden-wizard,/book/show/17317916-the-golden-wizard,https://images-na.ssl-images-amazon.com/images/S/compressed.photo.goodreads.com/books/1361784546i/17317916.jpg,"Fantasy, Middle Grade, Childrens, Audiobook, Fiction, Magic"
545,545,545,18215067-today-i-am,/book/show/18215067-today-i-am,https://images-na.ssl-images-amazon.com/images/S/compressed.photo.goodreads.com/books/1374206644i/18215067.jpg,"Picture Books, Emotion, Childrens, Art, Animals, Storytime, Fiction"
546,546,546,18620524-adventure-pom,/book/show/18620524-adventure-pom,https://images-na.ssl-images-amazon.com/images/S/compressed.photo.goodreads.com/books/1380764557i/18620524.jpg,"Animals, Young Readers, Dogs, Adventure, Family, Childrens, Picture Books"
547,547,547,20371299-eli-the-minnow-and-the-coral-cave-adventure,/book/show/20371299-eli-the-minnow-and-the-coral-cave-adventure,https://images-na.ssl-images-amazon.com/images/S/compressed.photo.goodreads.com/books/1388453566i/20371299.jpg,Childrens
548,548,548,22002954-nico-sums-it-up,/book/show/22002954-nico-sums-it-up,https://images-na.ssl-images-amazon.com/images/S/compressed.photo.goodreads.com/books/1398262123i/22002954.jpg,
549,549,549,2986057-the-winter-of-enchantment,/book/show/2986057-the-winter-of-enchantment,https://images-na.ssl-images-amazon.com/images/S/compressed.photo.goodreads.com/books/1347320510i/2986057.jpg,"Fantasy, Fiction, Childrens, Historical Fiction, Middle Grade, Adventure, Magic"
550,550,550,26105216-the-unfriendly-dragon,/book/show/26105216-the-unfriendly-dragon,https://images-na.ssl-images-amazon.com/images/S/compressed.photo.goodreads.com/books/1439658442i/26105216.jpg,"Childrens, Picture Books"
551,551,551,27250848-sock-monster,/book/show/27250848-sock-monster,https://images-na.ssl-images-amazon.com/images/S/compressed.photo.goodreads.com/books/1445458637i/27250848.jpg,"Childrens, Picture Books"
552,552,552,25991930-sherlock-academy,/book/show/25991930-sherlock-academy,https://images-na.ssl-images-amazon.com/images/S/compressed.photo.goodreads.com/books/1438018540i/25991930.jpg,"Mystery, Childrens, Middle Grade, Fiction, Amazon, Young Readers"
553,553,553,27268403-the-star,/book/show/27268403-the-star,https://images-na.ssl-images-amazon.com/images/S/compressed.photo.goodreads.com/books/1446708965i/27268403.jpg,"Picture Books, Childrens, Storytime, Holiday, Christmas, Christian, Pre K"
554,554,554,20506898-the-harp-of-elvyth,/book/show/20506898-the-harp-of-elvyth,https://images-na.ssl-images-amazon.com/images/S/compressed.photo.goodreads.com/books/1389392006i/20506898.jpg,
555,555,555,40088687-sing-to-the-moon,/book/show/40088687-sing-to-the-moon,https://images-na.ssl-images-amazon.com/images/S/compressed.photo.goodreads.com/books/1530545225i/40088687.jpg,"Picture Books, Africa, Family, Childrens, Fiction, African American, Cultural"
556,556,556,43471499-ratman-and-robin,/book/show/43471499-ratman-and-robin,https://images-na.ssl-images-amazon.com/images/S/compressed.photo.goodreads.com/books/1546708362i/43471499.jpg,
557,557,557,18874055-peter-pan,/book/show/18874055-peter-pan,https://images-na.ssl-images-amazon.com/images/S/compressed.photo.goodreads.com/books/1429622831i/18874055.jpg,
558,558,558,The_Magician_s_Nephew_The_Lion_The_Witch_and_the_Wardrobe_The_Horse_and_His_Boy,/book/show/55792.The_Magician_s_Nephew_The_Lion_The_Witch_and_the_Wardrobe_The_Horse_and_His_Boy,https://images-na.ssl-images-amazon.com/images/S/compressed.photo.goodreads.com/books/1387737847i/55792.jpg,"Fantasy, Fiction, Classics, Childrens, Middle Grade, Young Adult, Adventure"
559,559,559,53227101-shiloh-and-dande-the-lion,/book/show/53227101-shiloh-and-dande-the-lion,https://images-na.ssl-images-amazon.com/images/S/compressed.photo.goodreads.com/books/1587411293i/53227101.jpg,"Childrens, Picture Books"
560,560,560,Country_Crossing,/book/show/1225048.Country_Crossing,https://images-na.ssl-images-amazon.com/images/S/compressed.photo.goodreads.com/books/1182029187i/1225048.jpg,"Picture Books, Childrens, Trains"
561,561,561,_,/book/show/1485722._,https://images-na.ssl-images-amazon.com/images/S/compressed.photo.goodreads.com/books/1655094184i/1485722.jpg,"Science Fiction, Russia, Childrens, Fiction, Fantasy, Young Adult"
562,562,562,16103548-mailbox-kitten,/book/show/16103548-mailbox-kitten,https://images-na.ssl-images-amazon.com/images/S/compressed.photo.goodreads.com/books/1350972118i/16103548.jpg,Picture Books
563,563,563,16163907-a-christmas-morning,/book/show/16163907-a-christmas-morning,https://images-na.ssl-images-amazon.com/images/S/compressed.photo.goodreads.com/books/1353669021i/16163907.jpg,Christmas
564,564,564,16166138-a-snow-baby,/book/show/16166138-a-snow-baby,https://images-na.ssl-images-amazon.com/images/S/compressed.photo.goodreads.com/books/1353668715i/16166138.jpg,Christmas
565,565,565,16246620-grandma-can-i-get-a-dog,/book/show/16246620-grandma-can-i-get-a-dog,https://images-na.ssl-images-amazon.com/images/S/compressed.photo.goodreads.com/books/1354912943i/16246620.jpg,"Picture Books, Childrens"
566,566,566,30651396-the-find,/book/show/30651396-the-find,https://images-na.ssl-images-amazon.com/images/S/compressed.photo.goodreads.com/books/1466371843i/30651396.jpg,
567,567,567,Mirette_on_the_High_Wire,/book/show/734072.Mirette_on_the_High_Wire,https://images-na.ssl-images-amazon.com/images/S/compressed.photo.goodreads.com/books/1348194105i/734072.jpg,"Picture Books, Childrens, Historical Fiction, Fiction, France, Realistic Fiction, Historical"
568,568,568,13436682-the-vincenzos-bully-problem,/book/show/13436682-the-vincenzos-bully-problem,https://images-na.ssl-images-amazon.com/images/S/compressed.photo.goodreads.com/books/1329507353i/13436682.jpg,
569,569,569,13643185-doctor-dolittle-s-return,/book/show/13643185-doctor-dolittle-s-return,https://images-na.ssl-images-amazon.com/images/S/compressed.photo.goodreads.com/books/1336646217i/13643185.jpg,"Childrens, Fiction, Fantasy, Animals, Classics, Young Adult, Adventure"
570,570,570,Homecoming,/book/show/12125.Homecoming,https://images-na.ssl-images-amazon.com/images/S/compressed.photo.goodreads.com/books/1390250078i/12125.jpg,"Young Adult, Fiction, Realistic Fiction, Middle Grade, Childrens, Classics, Contemporary"
571,571,571,16119075-the-rainbow-stick-boy,/book/show/16119075-the-rainbow-stick-boy,https://images-na.ssl-images-amazon.com/images/S/compressed.photo.goodreads.com/books/1351618666i/16119075.jpg,"Picture Books, Childrens"
572,572,572,17669764-chemistry,/book/show/17669764-chemistry,https://images-na.ssl-images-amazon.com/images/S/compressed.photo.goodreads.com/books/1364043494i/17669764.jpg,"Science, Nonfiction, Childrens, Chemistry, Picture Books, Education, Kids"
573,573,573,Annie_s_Chair,/book/show/1651880.Annie_s_Chair,https://images-na.ssl-images-amazon.com/images/S/compressed.photo.goodreads.com/books/1312057543i/1651880.jpg,"Picture Books, Childrens, Dogs, Storytime, Family, Fiction"
574,574,574,21460626-nico-how-do-we-get-there,/book/show/21460626-nico-how-do-we-get-there,https://images-na.ssl-images-amazon.com/images/S/compressed.photo.goodreads.com/books/1398263149i/21460626.jpg,
575,575,575,Chitty_Chitty_Bang_Bang,/book/show/576335.Chitty_Chitty_Bang_Bang,https://images-na.ssl-images-amazon.com/images/S/compressed.photo.goodreads.com/books/1175950916i/576335.jpg,"Fantasy, Classics, Childrens, Fiction, Adventure, Middle Grade, Audiobook"
576,576,576,Le_Petit_Nicolas,/book/show/74256.Le_Petit_Nicolas,https://images-na.ssl-images-amazon.com/images/S/compressed.photo.goodreads.com/books/1348132484i/74256.jpg,"France, Fiction, Childrens, Classics, Humor, French Literature, Short Stories"
577,577,577,25319090-walter-wolf-goes-to-school,/book/show/25319090-walter-wolf-goes-to-school,https://images-na.ssl-images-amazon.com/images/S/compressed.photo.goodreads.com/books/1441408348i/25319090.jpg,
578,578,578,25507081-ernie-the-elephant,/book/show/25507081-ernie-the-elephant,https://images-na.ssl-images-amazon.com/images/S/compressed.photo.goodreads.com/books/1431117206i/25507081.jpg,Childrens
579,579,579,37908615-the-owl-and-the-magical-medicine-tree,/book/show/37908615-the-owl-and-the-magical-medicine-tree,https://images-na.ssl-images-amazon.com/images/S/compressed.photo.goodreads.com/books/1515645905i/37908615.jpg,
580,580,580,34262016-dylan-s-cosydoze,/book/show/34262016-dylan-s-cosydoze,https://images-na.ssl-images-amazon.com/images/S/compressed.photo.goodreads.com/books/1487831823i/34262016.jpg,
581,581,581,The_Westing_Game,/book/show/902.The_Westing_Game,https://images-na.ssl-images-amazon.com/images/S/compressed.photo.goodreads.com/books/1356850909i/902.jpg,"Mystery, Fiction, Young Adult, Middle Grade, Classics, Childrens, Mystery Thriller"
582,582,582,I_Can_Read_With_My_Eyes_Shut_,/book/show/7785.I_Can_Read_With_My_Eyes_Shut_,https://images-na.ssl-images-amazon.com/images/S/compressed.photo.goodreads.com/books/1348870328i/7785.jpg,"Picture Books, Childrens, Fiction, Classics, Poetry, Humor, Kids"
583,583,583,22306137-the-king-tingaling-painting,/book/show/22306137-the-king-tingaling-painting,https://images-na.ssl-images-amazon.com/images/S/compressed.photo.goodreads.com/books/1400882133i/22306137.jpg,"Time Travel, Mystery, Humor, Fantasy, Dogs"
584,584,584,20324090-free-childrens-book-series,/book/show/20324090-free-childrens-book-series,https://images-na.ssl-images-amazon.com/images/S/compressed.photo.goodreads.com/books/1388184672i/20324090.jpg,"Childrens, Short Stories, Fiction"
585,585,585,35160481-my-teacher-of-the-year,/book/show/35160481-my-teacher-of-the-year,https://images-na.ssl-images-amazon.com/images/S/compressed.photo.goodreads.com/books/1495036862i/35160481.jpg,
586,586,586,43815153-what-do-you-say,/book/show/43815153-what-do-you-say,https://images-na.ssl-images-amazon.com/images/S/compressed.photo.goodreads.com/books/1549130248i/43815153.jpg,
587,587,587,Night_of_the_Living_Dummy,/book/show/125564.Night_of_the_Living_Dummy,https://images-na.ssl-images-amazon.com/images/S/compressed.photo.goodreads.com/books/1328867793i/125564.jpg,"Horror, Childrens, Fiction, Young Adult, Middle Grade, Fantasy, Mystery"
588,588,588,Esio_Trot,/book/show/194755.Esio_Trot,https://images-na.ssl-images-amazon.com/images/S/compressed.photo.goodreads.com/books/1348269116i/194755.jpg,"Childrens, Fiction, Middle Grade, Fantasy, Classics, Young Adult, Humor"
589,589,589,212413174-cowboy-mike-and-winston-explore-prescott-arizona,/book/show/212413174-cowboy-mike-and-winston-explore-prescott-arizona,https://images-na.ssl-images-amazon.com/images/S/compressed.photo.goodreads.com/books/1714554086i/212413174.jpg,
590,590,590,9356434-the-adventures-of-dunno-and-his-friends,/book/show/9356434-the-adventures-of-dunno-and-his-friends,https://images-na.ssl-images-amazon.com/images/S/compressed.photo.goodreads.com/books/1284976172i/9356434.jpg,"Russia, Childrens, Fiction, Fantasy, Russian Literature, Adventure, Classics"
591,591,591,16482020-jolly-youngster-abc,/book/show/16482020-jolly-youngster-abc,https://images-na.ssl-images-amazon.com/images/S/compressed.photo.goodreads.com/books/1355354158i/16482020.jpg,
592,592,592,17293278-cellular-biology,/book/show/17293278-cellular-biology,https://images-na.ssl-images-amazon.com/images/S/compressed.photo.goodreads.com/books/1359384260i/17293278.jpg,"Science, Childrens, Nonfiction, Biology, Picture Books, Kids, Parenting"
593,593,593,36662954-hop-on-board,/book/show/36662954-hop-on-board,https://images-na.ssl-images-amazon.com/images/S/compressed.photo.goodreads.com/books/1511731965i/36662954.jpg,
594,594,594,17722973-the-enchantress-returns,/book/show/17722973-the-enchantress-returns,https://images-na.ssl-images-amazon.com/images/S/compressed.photo.goodreads.com/books/1364843824i/17722973.jpg,"Fantasy, Middle Grade, Fiction, Young Adult, Childrens, Adventure, Fairy Tales"
595,595,595,12127750-the-mark-of-athena,/book/show/12127750-the-mark-of-athena,https://images-na.ssl-images-amazon.com/images/S/compressed.photo.goodreads.com/books/1464201354i/12127750.jpg,"Fantasy, Mythology, Young Adult, Fiction, Middle Grade, Adventure, Greek Mythology"
596,596,596,2953600-wibbly-pig-can-make-a-tent,/book/show/2953600-wibbly-pig-can-make-a-tent,https://images-na.ssl-images-amazon.com/images/S/compressed.photo.goodreads.com/books/1267395684i/2953600.jpg,Childrens
597,597,597,Follow_the_Drinking_Gourd,/book/show/127060.Follow_the_Drinking_Gourd,https://images-na.ssl-images-amazon.com/images/S/compressed.photo.goodreads.com/books/1320434428i/127060.jpg,"Picture Books, Historical Fiction, Childrens, African American, Fiction, Historical, American History"
598,598,598,18776164-jellybean-the-dragon,/book/show/18776164-jellybean-the-dragon,https://images-na.ssl-images-amazon.com/images/S/compressed.photo.goodreads.com/books/1390492235i/18776164.jpg,"Fantasy, Adventure, Humor, Action, Dragons, Fairy Tales, Childrens"
599,599,599,Night_House_Bright_House,/book/show/575897.Night_House_Bright_House,https://images-na.ssl-images-amazon.com/images/S/compressed.photo.goodreads.com/books/1387706329i/575897.jpg,"Picture Books, Childrens"
600,600,600,If_You_Give_a_Pig_a_Pancake,/book/show/826585.If_You_Give_a_Pig_a_Pancake,https://images-na.ssl-images-amazon.com/images/S/compressed.photo.goodreads.com/books/1384260096i/826585.jpg,"Picture Books, Childrens, Animals, Fiction, Food, Fantasy, Humor"
601,601,601,Max_s_Birthday,/book/show/120751.Max_s_Birthday,https://images-na.ssl-images-amazon.com/images/S/compressed.photo.goodreads.com/books/1348637476i/120751.jpg,"Picture Books, Childrens, Fiction"
602,602,602,17383595-denslow-s-house-that-jack-built-and-little-red-riding-hood,/book/show/17383595-denslow-s-house-that-jack-built-and-little-red-riding-hood,https://images-na.ssl-images-amazon.com/images/S/compressed.photo.goodreads.com/books/1361203137i/17383595.jpg,
603,603,603,17207480-jack-and-the-bean-stalk-humpty-dumpty,/book/show/17207480-jack-and-the-bean-stalk-humpty-dumpty,https://images-na.ssl-images-amazon.com/images/S/compressed.photo.goodreads.com/books/1357292302i/17207480.jpg,Childrens
604,604,604,11233988-i-want-my-hat-back,/book/show/11233988-i-want-my-hat-back,https://images-na.ssl-images-amazon.com/images/S/compressed.photo.goodreads.com/books/1327888784i/11233988.jpg,"Picture Books, Childrens, Animals, Humor, Fiction, Storytime, Fantasy"
605,605,605,10353049-under-wildwood,/book/show/10353049-under-wildwood,https://images-na.ssl-images-amazon.com/images/S/compressed.photo.goodreads.com/books/1631888173i/10353049.jpg,"Fantasy, Fiction, Young Adult, Middle Grade, Childrens, Adventure, Audiobook"
606,606,606,How_to_Be_a_Pirate,/book/show/143728.How_to_Be_a_Pirate,https://images-na.ssl-images-amazon.com/images/S/compressed.photo.goodreads.com/books/1388331330i/143728.jpg,"Fantasy, Dragons, Fiction, Childrens, Audiobook, Middle Grade, Adventure"
607,607,607,Possum_Come_a_Knockin_,/book/show/899245.Possum_Come_a_Knockin_,https://images-na.ssl-images-amazon.com/images/S/compressed.photo.goodreads.com/books/1320538952i/899245.jpg,"Picture Books, Animals, Childrens, Humor, Family, Poetry, Fiction"
608,608,608,The_Fire_Cat,/book/show/169427.The_Fire_Cat,https://images-na.ssl-images-amazon.com/images/S/compressed.photo.goodreads.com/books/1428753571i/169427.jpg,"Picture Books, Childrens, Cats, Fiction, Animals, Classics, Kids"
609,609,609,Red_Rackham_s_Treasure,/book/show/146109.Red_Rackham_s_Treasure,https://images-na.ssl-images-amazon.com/images/S/compressed.photo.goodreads.com/books/1352642695i/146109.jpg,"Comics, Graphic Novels, Bande Dessin√©e, Adventure, Fiction, Childrens, Comic Book"
610,610,610,Where_s_the_Dragon_,/book/show/1171345.Where_s_the_Dragon_,https://images-na.ssl-images-amazon.com/images/S/compressed.photo.goodreads.com/books/1363895708i/1171345.jpg,"Picture Books, Childrens, Dragons, Fantasy, Adventure, Fiction"
611,611,611,Seven_Moomintroll_Books,/book/show/1036908.Seven_Moomintroll_Books,https://images-na.ssl-images-amazon.com/images/S/compressed.photo.goodreads.com/books/1180409449i/1036908.jpg,"Childrens, Fantasy, Classics, Fiction, Short Stories, Scandinavian Literature, Fairy Tales"
612,612,612,How_Droofus_the_Dragon_Lost_His_Head,/book/show/134096.How_Droofus_the_Dragon_Lost_His_Head,https://images-na.ssl-images-amazon.com/images/S/compressed.photo.goodreads.com/books/1347385813i/134096.jpg,"Picture Books, Childrens, Dragons, Fiction, Fantasy, Animals, Fairy Tales"
613,613,613,Emily_of_New_Moon,/book/show/3562.Emily_of_New_Moon,https://images-na.ssl-images-amazon.com/images/S/compressed.photo.goodreads.com/books/1563899327i/3562.jpg,"Classics, Fiction, Young Adult, Historical Fiction, Childrens, Middle Grade, Canada"
614,614,614,Thank_You_Mr_Falker,/book/show/216048.Thank_You_Mr_Falker,https://images-na.ssl-images-amazon.com/images/S/compressed.photo.goodreads.com/books/1438482485i/216048.jpg,"Picture Books, Childrens, Realistic Fiction, School, Fiction, Disability, Inspirational"
615,615,615,J_R_R_Tolkien_4_Book_Boxed_Set,/book/show/30.J_R_R_Tolkien_4_Book_Boxed_Set,https://images-na.ssl-images-amazon.com/images/S/compressed.photo.goodreads.com/books/1656625315i/30.jpg,"Fantasy, Fiction, Classics, Adventure, Science Fiction Fantasy, Epic Fantasy, High Fantasy"
616,616,616,Revolting_Rhymes,/book/show/6328.Revolting_Rhymes,https://images-na.ssl-images-amazon.com/images/S/compressed.photo.goodreads.com/books/1312498117i/6328.jpg,"Poetry, Childrens, Fiction, Fantasy, Humor, Classics, Picture Books"
617,617,617,Eragon,/book/show/113436.Eragon,https://images-na.ssl-images-amazon.com/images/S/compressed.photo.goodreads.com/books/1366212852i/113436.jpg,"Fantasy, Young Adult, Fiction, Dragons, Adventure, Magic, High Fantasy"
618,618,618,Labyrinth,/book/show/55453.Labyrinth,https://images-na.ssl-images-amazon.com/images/S/compressed.photo.goodreads.com/books/1388179347i/55453.jpg,"Fantasy, Young Adult, Fiction, Adventure, Magic, Classics, Fairy Tales"
619,619,619,20701984-el-deafo,/book/show/20701984-el-deafo,https://images-na.ssl-images-amazon.com/images/S/compressed.photo.goodreads.com/books/1423770455i/20701984.jpg,"Graphic Novels, Middle Grade, Memoir, Childrens, Nonfiction, Disability, Biography"
620,620,620,Little_Town_on_the_Prairie,/book/show/8253.Little_Town_on_the_Prairie,https://images-na.ssl-images-amazon.com/images/S/compressed.photo.goodreads.com/books/1266449674i/8253.jpg,"Classics, Historical Fiction, Childrens, Fiction, Young Adult, Historical, Middle Grade"
621,621,621,The_Tale_of_Tsar_Saltan,/book/show/111750.The_Tale_of_Tsar_Saltan,https://images-na.ssl-images-amazon.com/images/S/compressed.photo.goodreads.com/books/1387727745i/111750.jpg,"Russia, Classics, Poetry, Russian Literature, Fiction, Fantasy, Childrens"
622,622,622,Elmer,/book/show/1223119.Elmer,https://images-na.ssl-images-amazon.com/images/S/compressed.photo.goodreads.com/books/1388195928i/1223119.jpg,"Picture Books, Childrens, Animals, Fiction, Storytime, Classics, Fantasy"
623,623,623,Betsy_Tacy,/book/show/7909.Betsy_Tacy,https://images-na.ssl-images-amazon.com/images/S/compressed.photo.goodreads.com/books/1440321278i/7909.jpg,"Classics, Childrens, Fiction, Historical Fiction, Middle Grade, Young Adult, Juvenile"
624,624,624,The_Mysterious_Benedict_Society_and_the_Perilous_Journey,/book/show/2159225.The_Mysterious_Benedict_Society_and_the_Perilous_Journey,https://images-na.ssl-images-amazon.com/images/S/compressed.photo.goodreads.com/books/1618256296i/2159225.jpg,"Mystery, Fiction, Middle Grade, Young Adult, Adventure, Fantasy, Childrens"
625,625,625,The_Sea_of_Monsters,/book/show/28186.The_Sea_of_Monsters,https://images-na.ssl-images-amazon.com/images/S/compressed.photo.goodreads.com/books/1400602661i/28186.jpg,"Fantasy, Young Adult, Mythology, Fiction, Middle Grade, Adventure, Greek Mythology"
626,626,626,Granny,/book/show/234947.Granny,https://images-na.ssl-images-amazon.com/images/S/compressed.photo.goodreads.com/books/1172973804i/234947.jpg,"Horror, Fiction, Childrens, Humor, Mystery, Fantasy, Young Adult"
627,627,627,The_Hidden_Staircase,/book/show/233637.The_Hidden_Staircase,https://images-na.ssl-images-amazon.com/images/S/compressed.photo.goodreads.com/books/1172964121i/233637.jpg,"Mystery, Fiction, Young Adult, Childrens, Classics, Middle Grade, Mystery Thriller"
628,628,628,The_Grim_Grotto,/book/show/65111.The_Grim_Grotto,https://images-na.ssl-images-amazon.com/images/S/compressed.photo.goodreads.com/books/1519247467i/65111.jpg,"Fiction, Young Adult, Childrens, Middle Grade, Fantasy, Mystery, Adventure"
629,629,629,20821299-the-book-with-no-pictures,/book/show/20821299-the-book-with-no-pictures,https://images-na.ssl-images-amazon.com/images/S/compressed.photo.goodreads.com/books/1400873472i/20821299.jpg,"Picture Books, Childrens, Humor, Fiction, Storytime, Kids, Juvenile"
630,630,630,The_Grouchy_Ladybug,/book/show/336161.The_Grouchy_Ladybug,https://images-na.ssl-images-amazon.com/images/S/compressed.photo.goodreads.com/books/1510010469i/336161.jpg,"Picture Books, Childrens, Animals, Fiction, Mathematics, Fantasy, Classics"
631,631,631,3950967-the-tales-of-beedle-the-bard,/book/show/3950967-the-tales-of-beedle-the-bard,https://images-na.ssl-images-amazon.com/images/S/compressed.photo.goodreads.com/books/1630876355i/3950967.jpg,"Fantasy, Fiction, Young Adult, Short Stories, Childrens, Magic, Middle Grade"
632,632,632,The_Mad_Scientists_Club,/book/show/222127.The_Mad_Scientists_Club,https://images-na.ssl-images-amazon.com/images/S/compressed.photo.goodreads.com/books/1390421623i/222127.jpg,"Fiction, Childrens, Young Adult, Middle Grade, Classics, Adventure, Mystery"
633,633,633,22030490-my-first-fun-golf-steps,/book/show/22030490-my-first-fun-golf-steps,https://images-na.ssl-images-amazon.com/images/S/compressed.photo.goodreads.com/books/1398996657i/22030490.jpg,"Childrens, Adventure, Travel, Aeroplanes"
634,634,634,28110852-the-girl-who-drank-the-moon,/book/show/28110852-the-girl-who-drank-the-moon,https://images-na.ssl-images-amazon.com/images/S/compressed.photo.goodreads.com/books/1485376116i/28110852.jpg,"Fiction, Young Adult, Childrens, Audiobook, Magic, Witches, Dragons"
635,635,635,The_Princess_and_the_Goblin,/book/show/444381.The_Princess_and_the_Goblin,https://images-na.ssl-images-amazon.com/images/S/compressed.photo.goodreads.com/books/1348689290i/444381.jpg,"Fantasy, Classics, Fiction, Childrens, Fairy Tales, Middle Grade, Young Adult"
636,636,636,The_Sorcerer_s_Apprentice,/book/show/539772.The_Sorcerer_s_Apprentice,https://images-na.ssl-images-amazon.com/images/S/compressed.photo.goodreads.com/books/1387710489i/539772.jpg,"Picture Books, Fantasy, Childrens, Fiction, Poetry, Classics, Art"
637,637,637,22128124-sir-knight-rain,/book/show/22128124-sir-knight-rain,https://images-na.ssl-images-amazon.com/images/S/compressed.photo.goodreads.com/books/1400834294i/22128124.jpg,
638,638,638,Mr_Popper_s_Penguins,/book/show/61549.Mr_Popper_s_Penguins,https://images-na.ssl-images-amazon.com/images/S/compressed.photo.goodreads.com/books/1388185174i/61549.jpg,"Childrens, Fiction, Classics, Middle Grade, Animals, Humor, Young Adult"
639,639,639,24879374-scientist-rain,/book/show/24879374-scientist-rain,https://images-na.ssl-images-amazon.com/images/S/compressed.photo.goodreads.com/books/1423433250i/24879374.jpg,
640,640,640,24879371-gladiator-rain,/book/show/24879371-gladiator-rain,https://images-na.ssl-images-amazon.com/images/S/compressed.photo.goodreads.com/books/1423433247i/24879371.jpg,
641,641,641,23992287-philanthropist-rain,/book/show/23992287-philanthropist-rain,https://images-na.ssl-images-amazon.com/images/S/compressed.photo.goodreads.com/books/1419169218i/23992287.jpg,
642,642,642,24563898-the-atlantis-rain,/book/show/24563898-the-atlantis-rain,https://images-na.ssl-images-amazon.com/images/S/compressed.photo.goodreads.com/books/1421605276i/24563898.jpg,
643,643,643,Pish_Posh_Said_Hieronymus_Bosch,/book/show/364190.Pish_Posh_Said_Hieronymus_Bosch,https://images-na.ssl-images-amazon.com/images/S/compressed.photo.goodreads.com/books/1389583969i/364190.jpg,"Picture Books, Art, Childrens, Poetry, Fantasy, Fiction, Historical Fiction"
644,644,644,The_Brothers_Lionheart,/book/show/19312.The_Brothers_Lionheart,https://images-na.ssl-images-amazon.com/images/S/compressed.photo.goodreads.com/books/1388269738i/19312.jpg,"Fantasy, Classics, Childrens, Fiction, Swedish Literature, Middle Grade, Adventure"
645,645,645,Ramona_and_Her_Mother,/book/show/89551.Ramona_and_Her_Mother,https://images-na.ssl-images-amazon.com/images/S/compressed.photo.goodreads.com/books/1445632007i/89551.jpg,"Childrens, Fiction, Middle Grade, Classics, Realistic Fiction, Young Adult, Juvenile"
646,646,646,The_Eagle_of_the_Ninth,/book/show/149405.The_Eagle_of_the_Ninth,https://images-na.ssl-images-amazon.com/images/S/compressed.photo.goodreads.com/books/1443925136i/149405.jpg,"Historical Fiction, Fiction, Historical, Young Adult, Adventure, Classics, Childrens"
647,647,647,22369674-g-i-rain,/book/show/22369674-g-i-rain,https://images-na.ssl-images-amazon.com/images/S/compressed.photo.goodreads.com/books/1401357629i/22369674.jpg,
648,648,648,The_Indian_in_the_Cupboard,/book/show/125404.The_Indian_in_the_Cupboard,https://images-na.ssl-images-amazon.com/images/S/compressed.photo.goodreads.com/books/1171903915i/125404.jpg,"Fantasy, Childrens, Fiction, Young Adult, Classics, Middle Grade, Juvenile"
649,649,649,Peter_and_the_Starcatchers,/book/show/34262.Peter_and_the_Starcatchers,https://images-na.ssl-images-amazon.com/images/S/compressed.photo.goodreads.com/books/1435312363i/34262.jpg,"Fantasy, Young Adult, Fiction, Middle Grade, Adventure, Childrens, Retellings"
650,650,650,3235132-the-beast-in-the-bathtub,/book/show/3235132-the-beast-in-the-bathtub,https://images-na.ssl-images-amazon.com/images/S/compressed.photo.goodreads.com/books/1677794222i/3235132.jpg,"Childrens, Fiction, Picture Books"
651,651,651,The_Adventures_of_Danny_Meadow_Mouse,/book/show/518618.The_Adventures_of_Danny_Meadow_Mouse,https://images-na.ssl-images-amazon.com/images/S/compressed.photo.goodreads.com/books/1328868376i/518618.jpg,"Fiction, Childrens, Animals, Classics, Fantasy, Middle Grade, Nature"
652,652,652,22298110-bully-proof-rain,/book/show/22298110-bully-proof-rain,https://images-na.ssl-images-amazon.com/images/S/compressed.photo.goodreads.com/books/1400895023i/22298110.jpg,
653,653,653,22298214-sextillion-dollar-rain,/book/show/22298214-sextillion-dollar-rain,https://images-na.ssl-images-amazon.com/images/S/compressed.photo.goodreads.com/books/1400894707i/22298214.jpg,
654,654,654,22244489-football-team-rain,/book/show/22244489-football-team-rain,https://images-na.ssl-images-amazon.com/images/S/compressed.photo.goodreads.com/books/1400868844i/22244489.jpg,
655,655,655,22297999-recording-artist-rain,/book/show/22297999-recording-artist-rain,https://images-na.ssl-images-amazon.com/images/S/compressed.photo.goodreads.com/books/1400899675i/22297999.jpg,
656,656,656,Cinderella,/book/show/2502122.Cinderella,https://images-na.ssl-images-amazon.com/images/S/compressed.photo.goodreads.com/books/1211104568i/2502122.jpg,"Childrens, Fantasy, Classics, Fairy Tales, Fiction, Picture Books, Cinderella"
657,657,657,Strangely_Enough,/book/show/254947.Strangely_Enough,https://images-na.ssl-images-amazon.com/images/S/compressed.photo.goodreads.com/books/1388560076i/254947.jpg,"Horror, Paranormal, Short Stories, Nonfiction, Mystery, Ghosts, Middle Grade"
658,658,658,10137919-the-cat-that-walked-by-himself,/book/show/10137919-the-cat-that-walked-by-himself,https://images-na.ssl-images-amazon.com/images/S/compressed.photo.goodreads.com/books/1327998619i/10137919.jpg,"Classics, Fiction, Short Stories, Childrens, Cats, Animals, Fantasy"
659,659,659,Finding_Nemo,/book/show/1298171.Finding_Nemo,https://images-na.ssl-images-amazon.com/images/S/compressed.photo.goodreads.com/books/1182582191i/1298171.jpg,"Childrens, Picture Books, Media Tie In, Fantasy, Fiction, Adventure, Humor"
660,660,660,The_Seeing_Stone,/book/show/519048.The_Seeing_Stone,https://images-na.ssl-images-amazon.com/images/S/compressed.photo.goodreads.com/books/1358701671i/519048.jpg,"Fantasy, Middle Grade, Childrens, Fiction, Young Adult, Adventure, Magic"
661,661,661,The_Best_Nest,/book/show/160988.The_Best_Nest,https://images-na.ssl-images-amazon.com/images/S/compressed.photo.goodreads.com/books/1320398047i/160988.jpg,"Picture Books, Childrens, Fiction, Animals, Birds, Classics, Family"
662,662,662,The_Pigman,/book/show/128092.The_Pigman,https://images-na.ssl-images-amazon.com/images/S/compressed.photo.goodreads.com/books/1393796714i/128092.jpg,"Young Adult, Fiction, Classics, School, Realistic Fiction, Read For School, Teen"
663,663,663,The_Wrath_of_Mulgarath,/book/show/277190.The_Wrath_of_Mulgarath,https://images-na.ssl-images-amazon.com/images/S/compressed.photo.goodreads.com/books/1358702186i/277190.jpg,"Fantasy, Middle Grade, Childrens, Fiction, Young Adult, Adventure, Magic"
664,664,664,The_Hostile_Hospital,/book/show/65118.The_Hostile_Hospital,https://images-na.ssl-images-amazon.com/images/S/compressed.photo.goodreads.com/books/1442446120i/65118.jpg,"Fiction, Young Adult, Childrens, Middle Grade, Fantasy, Mystery, Adventure"
665,665,665,The_Ersatz_Elevator,/book/show/172327.The_Ersatz_Elevator,https://images-na.ssl-images-amazon.com/images/S/compressed.photo.goodreads.com/books/1514267383i/172327.jpg,"Fiction, Young Adult, Childrens, Middle Grade, Fantasy, Mystery, Adventure"
666,666,666,7532774-my-sweet-orange-tree,/book/show/7532774-my-sweet-orange-tree,https://images-na.ssl-images-amazon.com/images/S/compressed.photo.goodreads.com/books/1339195921i/7532774.jpg,"Fiction, Classics, Childrens, Novels, Brazil, Literature, Drama"
667,667,667,C_S_Lewis_Signature_Classics,/book/show/17335.C_S_Lewis_Signature_Classics,https://images-na.ssl-images-amazon.com/images/S/compressed.photo.goodreads.com/books/1434815468i/17335.jpg,"Christian, Religion, Classics, Theology, Philosophy, Nonfiction, Christianity"
668,668,668,15702736-a-dog-called-dog,/book/show/15702736-a-dog-called-dog,https://images-na.ssl-images-amazon.com/images/S/compressed.photo.goodreads.com/books/1339521166i/15702736.jpg,
669,669,669,Sarah_Plain_and_Tall,/book/show/106264.Sarah_Plain_and_Tall,https://images-na.ssl-images-amazon.com/images/S/compressed.photo.goodreads.com/books/1327254558i/106264.jpg,"Historical Fiction, Childrens, Fiction, Classics, Middle Grade, Young Adult, Historical"
670,670,670,Serendipity,/book/show/262050.Serendipity,https://images-na.ssl-images-amazon.com/images/S/compressed.photo.goodreads.com/books/1285744375i/262050.jpg,"Childrens, Picture Books, Fiction, Fantasy, Animals, Juvenile, Classics"
671,671,671,16070182-my-love-for-you-grows,/book/show/16070182-my-love-for-you-grows,https://images-na.ssl-images-amazon.com/images/S/compressed.photo.goodreads.com/books/1349531774i/16070182.jpg,
672,672,672,Deep_and_Dark_and_Dangerous,/book/show/541341.Deep_and_Dark_and_Dangerous,https://images-na.ssl-images-amazon.com/images/S/compressed.photo.goodreads.com/books/1348351238i/541341.jpg,"Horror, Mystery, Middle Grade, Young Adult, Paranormal, Ghosts, Fantasy"
673,673,673,30972027-the-rain-fields-children-s-library,/book/show/30972027-the-rain-fields-children-s-library,https://images-na.ssl-images-amazon.com/images/S/compressed.photo.goodreads.com/books/1467991576i/30972027.jpg,
674,674,674,30972160-rain-fields-inc,/book/show/30972160-rain-fields-inc,https://images-na.ssl-images-amazon.com/images/S/compressed.photo.goodreads.com/books/1467993804i/30972160.jpg,
675,675,675,The_Battle_of_the_Labyrinth,/book/show/2120932.The_Battle_of_the_Labyrinth,https://images-na.ssl-images-amazon.com/images/S/compressed.photo.goodreads.com/books/1518607478i/2120932.jpg,"Fantasy, Young Adult, Mythology, Fiction, Middle Grade, Adventure, Greek Mythology"
676,676,676,The_Three_Little_Wolves_and_the_Big_Bad_Pig,/book/show/306569.The_Three_Little_Wolves_and_the_Big_Bad_Pig,https://images-na.ssl-images-amazon.com/images/S/compressed.photo.goodreads.com/books/1584800075i/306569.jpg,"Picture Books, Childrens, Animals, Fairy Tales, Fiction, Fantasy, Humor"
677,677,677,The_Grey_King,/book/show/222576.The_Grey_King,https://images-na.ssl-images-amazon.com/images/S/compressed.photo.goodreads.com/books/1390358853i/222576.jpg,"Fantasy, Young Adult, Fiction, Childrens, Middle Grade, Arthurian, Adventure"
678,678,678,5674368-five-little-speckled-frogs,/book/show/5674368-five-little-speckled-frogs,https://images-na.ssl-images-amazon.com/images/S/compressed.photo.goodreads.com/books/1328589252i/5674368.jpg,"Childrens, Picture Books, Storytime, Animals"
679,679,679,The_Rough_Face_Girl,/book/show/280313.The_Rough_Face_Girl,https://images-na.ssl-images-amazon.com/images/S/compressed.photo.goodreads.com/books/1458230131i/280313.jpg,"Picture Books, Childrens, Fairy Tales, Native American, Fiction, Fantasy, Folklore"
680,680,680,Comet_in_Moominland,/book/show/1003725.Comet_in_Moominland,https://images-na.ssl-images-amazon.com/images/S/compressed.photo.goodreads.com/books/1389287390i/1003725.jpg,"Fantasy, Fiction, Childrens, Classics, Finnish Literature, Middle Grade, Adventure"
681,681,681,The_Cat_in_the_Hat_and_Other_Dr_Seuss_Favorites,/book/show/7788.The_Cat_in_the_Hat_and_Other_Dr_Seuss_Favorites,https://images-na.ssl-images-amazon.com/images/S/compressed.photo.goodreads.com/books/1386924269i/7788.jpg,"Childrens, Picture Books, Classics, Fiction, Poetry, Audiobook, Fantasy"
682,682,682,17262290-journey,/book/show/17262290-journey,https://images-na.ssl-images-amazon.com/images/S/compressed.photo.goodreads.com/books/1552528957i/17262290.jpg,"Picture Books, Fantasy, Childrens, Adventure, Fiction, Art, Graphic Novels"
683,683,683,Karlsson_on_the_Roof,/book/show/42318.Karlsson_on_the_Roof,https://images-na.ssl-images-amazon.com/images/S/compressed.photo.goodreads.com/books/1207091552i/42318.jpg,"Childrens, Classics, Fiction, Swedish Literature, Fantasy, Scandinavian Literature, Humor"
684,684,684,The_Silmarillion,/book/show/7332.The_Silmarillion,https://images-na.ssl-images-amazon.com/images/S/compressed.photo.goodreads.com/books/1610045590i/7332.jpg,"Fantasy, Fiction, Classics, High Fantasy, Science Fiction Fantasy, Epic Fantasy, Mythology"
685,685,685,9673436-the-invention-of-hugo-cabret,/book/show/9673436-the-invention-of-hugo-cabret,https://images-na.ssl-images-amazon.com/images/S/compressed.photo.goodreads.com/books/1422312376i/9673436.jpg,"Historical Fiction, Fiction, Young Adult, Middle Grade, Childrens, Graphic Novels, Fantasy"
686,686,686,Rainbow_Valley,/book/show/77395.Rainbow_Valley,https://images-na.ssl-images-amazon.com/images/S/compressed.photo.goodreads.com/books/1403192556i/77395.jpg,"Classics, Fiction, Young Adult, Historical Fiction, Childrens, Historical, Canada"
687,687,687,15944406-doll-bones,/book/show/15944406-doll-bones,https://images-na.ssl-images-amazon.com/images/S/compressed.photo.goodreads.com/books/1424981042i/15944406.jpg,"Middle Grade, Fantasy, Horror, Mystery, Young Adult, Adventure, Fiction"
688,688,688,Henry_s_Awful_Mistake,/book/show/1293226.Henry_s_Awful_Mistake,https://images-na.ssl-images-amazon.com/images/S/compressed.photo.goodreads.com/books/1624083266i/1293226.jpg,"Picture Books, Childrens, Fiction, Humor, Animals, Cooking, Classics"
689,689,689,Pee_Wee_s_Tale,/book/show/1194544.Pee_Wee_s_Tale,https://images-na.ssl-images-amazon.com/images/S/compressed.photo.goodreads.com/books/1181782944i/1194544.jpg,"Childrens, Animals, Fantasy, Adventure, Fiction, Juvenile"
690,690,690,Mattimeo,/book/show/201342.Mattimeo,https://images-na.ssl-images-amazon.com/images/S/compressed.photo.goodreads.com/books/1388194271i/201342.jpg,"Fantasy, Fiction, Young Adult, Childrens, Animals, Adventure, Middle Grade"
691,691,691,The_Story_Girl,/book/show/821099.The_Story_Girl,https://images-na.ssl-images-amazon.com/images/S/compressed.photo.goodreads.com/books/1349056039i/821099.jpg,"Classics, Fiction, Young Adult, Historical Fiction, Childrens, Canada, Middle Grade"
692,692,692,Rilla_of_Ingleside,/book/show/433533.Rilla_of_Ingleside,https://images-na.ssl-images-amazon.com/images/S/compressed.photo.goodreads.com/books/1285712722i/433533.jpg,"Classics, Fiction, Young Adult, Historical Fiction, Romance, Childrens, Historical"
693,693,693,Only_You_Can_Save_Mankind,/book/show/34521.Only_You_Can_Save_Mankind,https://images-na.ssl-images-amazon.com/images/S/compressed.photo.goodreads.com/books/1388351358i/34521.jpg,"Fantasy, Science Fiction, Fiction, Young Adult, Humor, Childrens, Comedy"
694,694,694,7779258-the-children-of-h-rin,/book/show/7779258-the-children-of-h-rin,https://images-na.ssl-images-amazon.com/images/S/compressed.photo.goodreads.com/books/1270159250i/7779258.jpg,"Fantasy, Fiction, Classics, High Fantasy, Epic Fantasy, Adventure, Science Fiction Fantasy"
695,695,695,Mummies_in_the_Morning,/book/show/268955.Mummies_in_the_Morning,https://images-na.ssl-images-amazon.com/images/S/compressed.photo.goodreads.com/books/1403192895i/268955.jpg,"Fantasy, Childrens, Fiction, Historical Fiction, Chapter Books, Adventure, Middle Grade"
696,696,696,16054808-escape-from-mr-lemoncello-s-library,/book/show/16054808-escape-from-mr-lemoncello-s-library,https://images-na.ssl-images-amazon.com/images/S/compressed.photo.goodreads.com/books/1379335670i/16054808.jpg,"Middle Grade, Mystery, Fiction, Childrens, Adventure, Young Adult, Audiobook"
697,697,697,Fritz_and_the_Beautiful_Horses,/book/show/967497.Fritz_and_the_Beautiful_Horses,https://images-na.ssl-images-amazon.com/images/S/compressed.photo.goodreads.com/books/1546106893i/967497.jpg,"Picture Books, Childrens, Horses, Animals, Fiction, Young Readers, Young Adult"
698,698,698,Fables,/book/show/1151331.Fables,https://images-na.ssl-images-amazon.com/images/S/compressed.photo.goodreads.com/books/1327265085i/1151331.jpg,"Classics, France, Poetry, Fiction, French Literature, Short Stories, Childrens"
699,699,699,The_Pigeon_Wants_a_Puppy_,/book/show/1908511.The_Pigeon_Wants_a_Puppy_,https://images-na.ssl-images-amazon.com/images/S/compressed.photo.goodreads.com/books/1442862172i/1908511.jpg,"Picture Books, Childrens, Animals, Humor, Storytime, Fiction, Dogs"
700,700,700,Fablehaven,/book/show/44652.Fablehaven,https://images-na.ssl-images-amazon.com/images/S/compressed.photo.goodreads.com/books/1460309528i/44652.jpg,"Fantasy, Young Adult, Middle Grade, Fiction, Childrens, Adventure, Magic"
701,701,701,The_Seven_Silly_Eaters,/book/show/204910.The_Seven_Silly_Eaters,https://images-na.ssl-images-amazon.com/images/S/compressed.photo.goodreads.com/books/1388346332i/204910.jpg,"Picture Books, Childrens, Fiction, Food, Family, Humor, Poetry"
702,702,702,No_David_,/book/show/1062516.No_David_,https://images-na.ssl-images-amazon.com/images/S/compressed.photo.goodreads.com/books/1360058223i/1062516.jpg,"Picture Books, Childrens, Realistic Fiction, Fiction, Humor, Family, Storytime"
703,703,703,Gorilla,/book/show/460285.Gorilla,https://images-na.ssl-images-amazon.com/images/S/compressed.photo.goodreads.com/books/1427163953i/460285.jpg,"Picture Books, Animals, Childrens, Family, Fiction, Fantasy, Adventure"
704,704,704,20912424-the-war-that-saved-my-life,/book/show/20912424-the-war-that-saved-my-life,https://images-na.ssl-images-amazon.com/images/S/compressed.photo.goodreads.com/books/1453342842i/20912424.jpg,"Historical Fiction, Middle Grade, Fiction, Young Adult, Historical, World War II, Childrens"
705,705,705,13532212-pat-the-bunny,/book/show/13532212-pat-the-bunny,https://images-na.ssl-images-amazon.com/images/S/compressed.photo.goodreads.com/books/1620094749i/13532212.jpg,"Picture Books, Childrens, Fiction, Classics, Animals, Kids, Juvenile"
706,706,706,The_Austere_Academy,/book/show/131123.The_Austere_Academy,https://images-na.ssl-images-amazon.com/images/S/compressed.photo.goodreads.com/books/1517277307i/131123.jpg,"Fiction, Young Adult, Childrens, Middle Grade, Fantasy, Mystery, Adventure"
707,707,707,Curious_George_Goes_to_the_Hospital,/book/show/899962.Curious_George_Goes_to_the_Hospital,https://images-na.ssl-images-amazon.com/images/S/compressed.photo.goodreads.com/books/1347580591i/899962.jpg,"Picture Books, Childrens, Fiction, Animals, Classics, Humor, Fantasy"
708,708,708,Dr_Dog,/book/show/922176.Dr_Dog,https://images-na.ssl-images-amazon.com/images/S/compressed.photo.goodreads.com/books/1347422883i/922176.jpg,"Picture Books, Childrens, Animals, Dogs, Humor, Fiction"
709,709,709,Into_the_Forest,/book/show/414098.Into_the_Forest,https://images-na.ssl-images-amazon.com/images/S/compressed.photo.goodreads.com/books/1408931792i/414098.jpg,"Picture Books, Childrens, Fairy Tales, Family, Adventure, Fantasy, Fiction"
710,710,710,Frog_and_Toad_All_Year,/book/show/833549.Frog_and_Toad_All_Year,https://images-na.ssl-images-amazon.com/images/S/compressed.photo.goodreads.com/books/1638746429i/833549.jpg,"Childrens, Picture Books, Fiction, Classics, Animals, Juvenile, Fantasy"
711,711,711,Ramona_the_Brave,/book/show/91248.Ramona_the_Brave,https://images-na.ssl-images-amazon.com/images/S/compressed.photo.goodreads.com/books/1408925322i/91248.jpg,"Childrens, Fiction, Middle Grade, Classics, Realistic Fiction, Young Adult, Chapter Books"
712,712,712,The_Fellowship_of_the_Ring,/book/show/34.The_Fellowship_of_the_Ring,https://images-na.ssl-images-amazon.com/images/S/compressed.photo.goodreads.com/books/1298411339i/34.jpg,"Fantasy, Classics, Fiction, Adventure, Audiobook, High Fantasy, Science Fiction Fantasy"
713,713,713,Ramona_Forever,/book/show/494363.Ramona_Forever,https://images-na.ssl-images-amazon.com/images/S/compressed.photo.goodreads.com/books/1588596614i/494363.jpg,"Childrens, Fiction, Middle Grade, Realistic Fiction, Classics, Young Adult, Audiobook"
714,714,714,34728667-children-of-blood-and-bone,/book/show/34728667-children-of-blood-and-bone,https://images-na.ssl-images-amazon.com/images/S/compressed.photo.goodreads.com/books/1516127989i/34728667.jpg,"Fantasy, Young Adult, Fiction, Audiobook, Magic, Young Adult Fantasy, Romance"
715,715,715,Jillian_Jiggs,/book/show/201041.Jillian_Jiggs,https://images-na.ssl-images-amazon.com/images/S/compressed.photo.goodreads.com/books/1390664958i/201041.jpg,"Picture Books, Childrens, Canada, Fiction, Juvenile, Classics, Storytime"
716,716,716,Esperanza_Rising,/book/show/89763.Esperanza_Rising,https://images-na.ssl-images-amazon.com/images/S/compressed.photo.goodreads.com/books/1328869043i/89763.jpg,"Historical Fiction, Middle Grade, Young Adult, Fiction, Childrens, School, Historical"
717,717,717,Leo_the_Lop,/book/show/318426.Leo_the_Lop,https://images-na.ssl-images-amazon.com/images/S/compressed.photo.goodreads.com/books/1388266230i/318426.jpg,"Childrens, Picture Books, Fiction, Animals, Juvenile, Classics, Rabbits"
718,718,718,16029678-what-s-sebastian-up-to-now,/book/show/16029678-what-s-sebastian-up-to-now,https://images-na.ssl-images-amazon.com/images/S/compressed.photo.goodreads.com/books/1347835479i/16029678.jpg,
719,719,719,And_Tango_Makes_Three,/book/show/117997.And_Tango_Makes_Three,https://images-na.ssl-images-amazon.com/images/S/compressed.photo.goodreads.com/books/1348845313i/117997.jpg,"Picture Books, LGBT, Banned Books, Childrens, Animals, Nonfiction, Family"
720,720,720,One_Morning_in_Maine,/book/show/29288.One_Morning_in_Maine,https://images-na.ssl-images-amazon.com/images/S/compressed.photo.goodreads.com/books/1388285302i/29288.jpg,"Picture Books, Childrens, Fiction, Classics, Family, Nature, Realistic Fiction"
721,721,721,13589913-a-cats-steampunk-alphabet,/book/show/13589913-a-cats-steampunk-alphabet,https://images-na.ssl-images-amazon.com/images/S/compressed.photo.goodreads.com/books/1333978649i/13589913.jpg,"Steampunk, Picture Books"
722,722,722,Walt_Disney_s_Alice_in_Wonderland,/book/show/1210874.Walt_Disney_s_Alice_in_Wonderland,https://images-na.ssl-images-amazon.com/images/S/compressed.photo.goodreads.com/books/1223630029i/1210874.jpg,"Childrens, Picture Books, Fantasy, Classics, Fiction, Adventure, Media Tie In"
723,723,723,5983694-where-the-mountain-meets-the-moon,/book/show/5983694-where-the-mountain-meets-the-moon,https://images-na.ssl-images-amazon.com/images/S/compressed.photo.goodreads.com/books/1549333297i/5983694.jpg,"Fantasy, Middle Grade, Fiction, Childrens, Adventure, Young Adult, Dragons"
724,724,724,Little_Men,/book/show/78950.Little_Men,https://images-na.ssl-images-amazon.com/images/S/compressed.photo.goodreads.com/books/1575357839i/78950.jpg,"Classics, Fiction, Historical Fiction, Young Adult, Childrens, Historical, Literature"
725,725,725,Charlie_and_the_Great_Glass_Elevator,/book/show/6687.Charlie_and_the_Great_Glass_Elevator,https://images-na.ssl-images-amazon.com/images/S/compressed.photo.goodreads.com/books/1309211607i/6687.jpg,"Childrens, Fantasy, Fiction, Classics, Young Adult, Middle Grade, Adventure"
726,726,726,The_Colors_of_Us,/book/show/19600.The_Colors_of_Us,https://images-na.ssl-images-amazon.com/images/S/compressed.photo.goodreads.com/books/1388289045i/19600.jpg,"Picture Books, Childrens, Cultural, Race, Art, Fiction, African American"
727,727,727,3445011-walt-disney-s-mother-goose,/book/show/3445011-walt-disney-s-mother-goose,https://images-na.ssl-images-amazon.com/images/S/compressed.photo.goodreads.com/books/1344723488i/3445011.jpg,"Childrens, Picture Books, Poetry, Nursery Rhymes, Fantasy, Fiction, Classics"
728,728,728,Alfred_Hitchcock_s_Monster_Museum,/book/show/87588.Alfred_Hitchcock_s_Monster_Museum,https://images-na.ssl-images-amazon.com/images/S/compressed.photo.goodreads.com/books/1200024308i/87588.jpg,"Horror, Fiction, Short Stories, Anthologies, Fantasy, Young Adult, Short Story Collection"
729,729,729,Now_We_Are_Six,/book/show/821000.Now_We_Are_Six,https://images-na.ssl-images-amazon.com/images/S/compressed.photo.goodreads.com/books/1348199373i/821000.jpg,"Poetry, Childrens, Classics, Fiction, Fantasy, Audiobook, Animals"
730,730,730,The_Titan_s_Curse,/book/show/561456.The_Titan_s_Curse,https://images-na.ssl-images-amazon.com/images/S/compressed.photo.goodreads.com/books/1361038385i/561456.jpg,"Fantasy, Young Adult, Mythology, Fiction, Middle Grade, Adventure, Greek Mythology"
731,731,731,17315148-abc-animals-an-alphabetical-rhyming-picture-book,/book/show/17315148-abc-animals-an-alphabetical-rhyming-picture-book,https://images-na.ssl-images-amazon.com/images/S/compressed.photo.goodreads.com/books/1359936482i/17315148.jpg,
732,732,732,Ghosts_and_More_Ghosts,/book/show/732157.Ghosts_and_More_Ghosts,https://images-na.ssl-images-amazon.com/images/S/compressed.photo.goodreads.com/books/1569034408i/732157.jpg,"Horror, Short Stories, Childrens, Ghost Stories, Fiction, Ghosts, Young Adult"
733,733,733,Life_in_the_Ancient_World,/book/show/1644525.Life_in_the_Ancient_World,https://images-na.ssl-images-amazon.com/images/S/compressed.photo.goodreads.com/books/1229352852i/1644525.jpg,
734,734,734,15790852-the-dark,/book/show/15790852-the-dark,https://images-na.ssl-images-amazon.com/images/S/compressed.photo.goodreads.com/books/1350766092i/15790852.jpg,"Picture Books, Childrens, Fiction, Fantasy, Graphic Novels, Storytime, Dark"
735,735,735,The_Wide_Window,/book/show/438492.The_Wide_Window,https://images-na.ssl-images-amazon.com/images/S/compressed.photo.goodreads.com/books/1518654331i/438492.jpg,"Fiction, Young Adult, Childrens, Middle Grade, Fantasy, Mystery, Adventure"
736,736,736,Surprise_Island,/book/show/156809.Surprise_Island,https://images-na.ssl-images-amazon.com/images/S/compressed.photo.goodreads.com/books/1172264372i/156809.jpg,"Mystery, Childrens, Fiction, Middle Grade, Young Adult, Chapter Books, Classics"
737,737,737,Half_Magic,/book/show/225038.Half_Magic,https://images-na.ssl-images-amazon.com/images/S/compressed.photo.goodreads.com/books/1503640983i/225038.jpg,"Fantasy, Childrens, Fiction, Middle Grade, Classics, Young Adult, Magic"
738,738,738,Hansel_and_Gretel,/book/show/292701.Hansel_and_Gretel,https://images-na.ssl-images-amazon.com/images/S/compressed.photo.goodreads.com/books/1386925558i/292701.jpg,"Classics, Childrens, Fantasy, Fairy Tales, Fiction, Picture Books, Adventure"
739,739,739,Anne_s_House_of_Dreams,/book/show/77394.Anne_s_House_of_Dreams,https://images-na.ssl-images-amazon.com/images/S/compressed.photo.goodreads.com/books/1442471048i/77394.jpg,"Classics, Fiction, Young Adult, Historical Fiction, Childrens, Romance, Historical"
740,740,740,The_Happy_Hollisters,/book/show/685643.The_Happy_Hollisters,https://images-na.ssl-images-amazon.com/images/S/compressed.photo.goodreads.com/books/1211254485i/685643.jpg,"Mystery, Fiction, Childrens, Middle Grade, Classics, Chapter Books, Family"
741,741,741,42080479-the-school-for-good-and-evil,/book/show/42080479-the-school-for-good-and-evil,https://images-na.ssl-images-amazon.com/images/S/compressed.photo.goodreads.com/books/1538034910i/42080479.jpg,"Fantasy, Middle Grade, Young Adult, Fiction, Romance, Magic, Fairy Tales"
742,742,742,The_Midwife_s_Apprentice,/book/show/15595.The_Midwife_s_Apprentice,https://images-na.ssl-images-amazon.com/images/S/compressed.photo.goodreads.com/books/1305983479i/15595.jpg,"Historical Fiction, Young Adult, Fiction, Middle Grade, Childrens, Historical, Medieval"
743,743,743,Fudge_a_Mania,/book/show/37737.Fudge_a_Mania,https://images-na.ssl-images-amazon.com/images/S/compressed.photo.goodreads.com/books/1386922685i/37737.jpg,"Childrens, Fiction, Middle Grade, Humor, Realistic Fiction, Young Adult, Chapter Books"
744,744,744,Emily_the_Strange,/book/show/424597.Emily_the_Strange,https://images-na.ssl-images-amazon.com/images/S/compressed.photo.goodreads.com/books/1436359348i/424597.jpg,"Graphic Novels, Comics, Fiction, Young Adult, Fantasy, Picture Books, Humor"
745,745,745,The_Princess_and_the_Pea,/book/show/576570.The_Princess_and_the_Pea,https://images-na.ssl-images-amazon.com/images/S/compressed.photo.goodreads.com/books/1348192494i/576570.jpg,"Childrens, Picture Books, Classics, Fairy Tales, Fiction, Fantasy, Short Stories"
746,746,746,My_Dad_s_Job,/book/show/853406.My_Dad_s_Job,https://images-na.ssl-images-amazon.com/images/S/compressed.photo.goodreads.com/books/1431776464i/853406.jpg,"Picture Books, Childrens, Fiction"
747,747,747,Gregor_and_the_Curse_of_the_Warmbloods,/book/show/385706.Gregor_and_the_Curse_of_the_Warmbloods,https://images-na.ssl-images-amazon.com/images/S/compressed.photo.goodreads.com/books/1397852674i/385706.jpg,"Fantasy, Young Adult, Fiction, Middle Grade, Adventure, Childrens, Audiobook"
748,748,748,How_Do_Dinosaurs_Clean_Their_Rooms_,/book/show/81155.How_Do_Dinosaurs_Clean_Their_Rooms_,https://images-na.ssl-images-amazon.com/images/S/compressed.photo.goodreads.com/books/1442952038i/81155.jpg,"Picture Books, Childrens, Dinosaurs, Fiction, Kids, Storytime, Animals"
